Workbook
Name c_noms: #REF!
Name d_noms: #REF!
Name l_noms: OFFSET(d_noms,0,0,COUNTA(c_noms)-1,1)

Sheet Master_Chronostrat
A1: INTERNATIONAL STAGES - GTS2020
A2: Eon | B2: Era | C2: Period | D2: Sub-Period | E2: Epoch | F2: Sub-epoch | G2: Stage/Age | H2: Sub-stage/Sub-age | I2: Ma
A3: TOP | B3: TOP | C3: TOP | E3: TOP | F3: TOP | G3: TOP | I3: 0
E4: Anthropocene | F4: TOP | G4: TOP | I4: =100/1000000 -> 0.0001
F5: Lt | G5: Meghalayan | I5: 0.00425
F6: M | G6: Northgrippian | I6: 0.008236
E7: Holocene | F7: E | G7: Greenlandian | I7: 0.011784
F8: Lt | G8: Lt. Pleist. | I8: 0.13
F9: M | G9: Chibanian | I9: 0.773
G10: Calabrian | I10: 1.806
C11: Quaternary | E11: Pleistocene | F11: E | G11: Gelasian | I11: 2.58
F12: Lt | G12: Piacenzian | I12: 3.6
E13: Pliocene | F13: E | G13: Zanclean | I13: 5.335
G14: Messinian | I14: 7.25
F15: Lt | G15: Tortonian | I15: 11.625
G16: Serravallian | I16: 13.82
F17: M | G17: Langhian | I17: 15.99
G18: Burdigalian | I18: 20.45
C19: Neogene | E19: Miocene | F19: E | G19: Aquitanian | I19: 23.04
F20: Lt | G20: Chattian | I20: 27.28615
E21: Oligocene | F21: E | G21: Rupelian | I21: 33.90488
F22: Lt | G22: Priabonian | I22: 37.71
G23: Bartonian | I23: 41.03
F24: M | G24: Lutetian | I24: 48.0707
E25: Eocene | F25: E | G25: Ypresian | I25: 56.001
F26: Lt | G26: Thanetian | I26: 59.237
F27: M | G27: Selandian | I27: 61.663
B28: Cenozoic | C28: Paleogene | E28: Paleocene | F28: E | G28: Danian | H28: TOP | I28: 66.04
H29: Lt | I29: 69.91
G30: Maastrichtian | H30: E | I30: 72.17
H31: Lt | I31: 76.38
H32: M | I32: 80.64
G33: Campanian | H33: E | I33: 83.65
H34: Lt | I34: 84.54
H35: M | I35: 85.3
G36: Santonian | H36: E | I36: 85.7
H37: Lt | I37: 87.5
H38: M | I38: 88.09
G39: Coniacian | H39: E | I39: 89.39
H40: Lt | I40: 90.27
H41: M | I41: 92.9
G42: Turonian | H42: E | I42: 93.9
H43: Lt | I43: 95.47
H44: M | I44: 96.24
E45: Late | G45: Cenomanian | H45: E | I45: 100.5
H46: Lt | I46: 107.59
H47: M | I47: 110.22
G48: Albian | H48: E | I48: 113.2
H49: Clans | I49: 116.7
H50: Lt | I50: 118.76
G51: Aptian | H51: E | I51: 121.4
H52: Lt | I52: 125.08
G53: Barremian | H53: E | I53: 126.5
H54: Lt | I54: 129.94
G55: Hauterivian | H55: E | I55: 132.6
H56: Lt | I56: 135.4
G57: Valanginian | H57: E | I57: 137.7
H58: Lt | I58: 139.92
H59: M | I59: 141.38
C60: Cretaceous | E60: Early | G60: Berriasian | H60: E | I60: 143.1
H61: Lt | I61: 145.05
G62: Tithonian | H62: E | I62: 149.24
H63: Lt | I63: 152.04
G64: Kimmeridgian | H64: E | I64: 154.78
H65: Lt | I65: 157.96
H66: M | I66: 159.1
E67: Late | G67: Oxfordian | H67: E | I67: 161.53
H68: Lt | I68: 162.65
H69: M | I69: 163.47
G70: Callovian | H70: E | I70: 165.29
H71: Lt | I71: 165.83
H72: M | I72: 166.97
G73: Bathonian | H73: E | I73: 168.17
H74: Lt | I74: 169.74
G75: Bajocian | H75: E | I75: 170.9
H76: Lt | I76: 171.5
H77: M | I77: 172.7
E78: Middle | G78: Aalenian | H78: E | I78: 174.7
H79: Lt | I79: 179.82
H80: M ? | I80: 181.17
G81: Toarcian | H81: E | I81: 184.2
H82: Lt - Domerian | I82: 188
G83: Pliensbachian | H83: E - Carixian | I83: 192.9
H84: Lt | I84: 196.37
G85: Sinemurian | H85: E | I85: 199.46
C86: Jurassic | E86: Early | G86: Hettangian | I86: 201.36
G87: Rhaetian | I87: 205.74
H88: Sevatian | I88: 214.03
H89: Alaunian | I89: 217.49
G90: Norian | H90: Lacian | I90: 227.3
H91: Tuvalian | I91: 233.6
E92: Late | G92: Carnian | H92: Julian | I92: 237
H93: Longobardian | I93: 239.48
G94: Ladinian | H94: Fassanian | I94: 241.46
H95: Illyrian | I95: 243.33
H96: Pelsonian | I96: 244.24
H97: Bithynian | I97: 244.99
E98: Middle | G98: Anisian | H98: Aegean | I98: 246.7
H99: Spathian | I99: 248.1
G100: Olenekian | H100: Smithian | I100: 249.88
...

Sheet Geological stages
A1: Geologic units - calibration of its time span to International Stages from Base (in black) to Top (green)
A2: Period | B2: STAGE | C2: Rank | D2: Region | E2: Base | F2: TOP | G2: Comments | H2: Base calibration (via concatenation) | I2: Top calibration (via concatenation) | J2: BEGIN: % up in Reference ICS stage of: | K2: Decimal version | L2: Base within International Stage | M2: Recognized on 2020 ICS Chart | N2: Notation | O2: International Stage base | P2: END % up in Reference ICS stage of: | Q2: Decimal version | R2: Top within International Stage | S2: Synthesis | T2: % occuped if included in
B3: Today | O3: 0
A4: QUATERNARY | B4: Meghalayan | C4: Stage/Age | D4: Global standard | E4: =$O$4-J4*($O$4-$O$3) -> 0.00425 | F4: =$O$4-P4*($O$4-$O$3) -> 0 | G4: Type section is in a cave in North India | H4: =CONCATENATE(K4," percent up in ",L4," international stage") -> 0 percent up in Meghalayan international stage | I4: =CONCATENATE(Q4," percent up in ",R4," international stage") -> 100 percent up in Meghalayan international stage | J4: 0 | K4: =ROUND(J4*100,1) -> 0 | L4: Meghalayan | M4: Stratotype | N4: q7 | O4: =Master_Chronostrat!I5 -> 0.00425 | P4: 1 | Q4: =ROUND(P4*100,1) -> 100 | R4: Meghalayan | S4: Stratotype
A5: QUATERNARY | B5: Northgrippian | C5: Stage/Age | D5: Global standard | E5: =$O$5-J5*($O$5-$O$4) -> 0.008236 | F5: =$O$5-P5*($O$5-$O$4) -> 0.00425 | H5: =CONCATENATE(K5," percent up in ",L5," international stage") -> 0 percent up in Northgrippian international stage | I5: =CONCATENATE(Q5," percent up in ",R5," international stage") -> 100 percent up in Northgrippian international stage | J5: 0 | K5: =ROUND(J5*100,1) -> 0 | L5: Northgrippian | M5: Stratotype | N5: q6 | O5: =Master_Chronostrat!I6 -> 0.008236 | P5: 1 | Q5: =ROUND(P5*100,1) -> 100 | R5: Northgrippian | S5: Stratotype
A6: QUATERNARY | B6: Devensian | D6: Great Britain | E6: =$O$13-J6*($O$13-$O$5) -> 0.011784 | F6: =$O$13-P6*($O$13-$O$5) -> 0.011631291 | H6: =CONCATENATE(K6," percent up in ",L6," international stage") -> 0 percent up in Greenlandian international stage | I6: =CONCATENATE(Q6," percent up in ",R6," international stage") -> 4.3 percent up in Greenlandian international stage | J6: 0 | K6: =ROUND(J6*100,1) -> 0 | L6: Greenlandian | P6: 0.043040764 | Q6: =ROUND(P6*100,1) -> 4.3 | R6: Greenlandian | S6: Equivalent to the base of
A7: QUATERNARY | B7: Flandrian | E7: =$O$13-J7*($O$13-$O$5) -> 0.011784 | F7: =$O$4-P7*($O$4-$O$3) -> 0 | H7: =CONCATENATE(K7," percent up in ",L7," international stage") -> 0 percent up in Greenlandian international stage | I7: =CONCATENATE(Q7," percent up in ",R7," international stage") -> 100 percent up in Meghalayan international stage | J7: 0 | K7: =ROUND(J7*100,1) -> 0 | L7: Greenlandian | P7: 1 | Q7: =ROUND(P7*100,1) -> 100 | R7: Meghalayan | S7: Equivalent to
A8: QUATERNARY | B8: Hallian | D8: California | E8: =$O$13-J8*($O$13-$O$5) -> 0.011784 | F8: =$O$4-P8*($O$4-$O$3) -> 0 | H8: =CONCATENATE(K8," percent up in ",L8," international stage") -> 0 percent up in Greenlandian international stage | I8: =CONCATENATE(Q8," percent up in ",R8," international stage") -> 100 percent up in Meghalayan international stage | J8: 0 | K8: =ROUND(J8*100,1) -> 0 | L8: Greenlandian | P8: 1 | Q8: =ROUND(P8*100,1) -> 100 | R8: Meghalayan | S8: Equivalent to
A9: QUATERNARY | B9: Hawera | D9: New Zealand | E9: =$O$13-J9*($O$13-$O$5) -> 0.011784 | F9: =$O$4-P9*($O$4-$O$3) -> 0 | H9: =CONCATENATE(K9," percent up in ",L9," international stage") -> 0 percent up in Greenlandian international stage | I9: =CONCATENATE(Q9," percent up in ",R9," international stage") -> 100 percent up in Meghalayan international stage | J9: 0 | K9: =ROUND(J9*100,1) -> 0 | L9: Greenlandian | P9: 1 | Q9: =ROUND(P9*100,1) -> 100 | R9: Meghalayan | S9: Equivalent to
A10: QUATERNARY | B10: Haweran | D10: New Zealand | E10: =$O$13-J10*($O$13-$O$5) -> 0.011784 | F10: =$O$4-P10*($O$4-$O$3) -> 0 | H10: =CONCATENATE(K10," percent up in ",L10," international stage") -> 0 percent up in Greenlandian international stage | I10: =CONCATENATE(Q10," percent up in ",R10," international stage") -> 100 percent up in Meghalayan international stage | J10: 0 | K10: =ROUND(J10*100,1) -> 0 | L10: Greenlandian | P10: 1 | Q10: =ROUND(P10*100,1) -> 100 | R10: Meghalayan | S10: Equivalent to
A11: QUATERNARY | B11: Holocene | C11: Epoch | D11: Global standard | E11: =$O$13-J11*($O$13-$O$5) -> 0.011784 | F11: =$O$4-P11*($O$4-$O$3) -> 0 | H11: =CONCATENATE(K11," percent up in ",L11," international stage") -> 0 percent up in Greenlandian international stage | I11: =CONCATENATE(Q11," percent up in ",R11," international stage") -> 100 percent up in Meghalayan international stage | J11: 0 | K11: =ROUND(J11*100,1) -> 0 | L11: Greenlandian | M11: Stratotype | N11: Q2 | P11: 1 | Q11: =ROUND(P11*100,1) -> 100 | R11: Meghalayan | S11: Periode
A12: QUATERNARY | B12: Recent | E12: =$O$13-J12*($O$13-$O$5) -> 0.011784 | F12: =$O$4-P12*($O$4-$O$3) -> 0 | G12: Informal term | H12: =CONCATENATE(K12," percent up in ",L12," international stage") -> 0 percent up in Greenlandian international stage | I12: =CONCATENATE(Q12," percent up in ",R12," international stage") -> 100 percent up in Meghalayan international stage | J12: 0 | K12: =ROUND(J12*100,1) -> 0 | L12: Greenlandian | P12: 1 | Q12: =ROUND(P12*100,1) -> 100 | R12: Meghalayan | S12: Equivalent to
A13: QUATERNARY | B13: Greenlandian | C13: Stage/Age | D13: Global standard | E13: =$O$13-J13*($O$13-$O$5) -> 0.011784 | F13: =$O$13-P13*($O$13-$O$5) -> 0.008236 | H13: =CONCATENATE(K13," percent up in ",L13," international stage") -> 0 percent up in Greenlandian international stage | I13: =CONCATENATE(Q13," percent up in ",R13," international stage") -> 100 percent up in Greenlandian international stage | J13: 0 | K13: =ROUND(J13*100,1) -> 0 | L13: Greenlandian | M13: Stratotype | N13: q5 | O13: =Master_Chronostrat!I7 -> 0.011784 | P13: 1 | Q13: =ROUND(P13*100,1) -> 100 | R13: Greenlandian | S13: Stratotype
A14: QUATERNARY | B14: Wisconsinian | D14: North America | E14: =$O$26-J14*($O$26-$O$13) -> 0.077278949 | F14: =$O$13-P14*($O$13-$O$5) -> 0.010018271 | H14: =CONCATENATE(K14," percent up in ",L14," international stage") -> 44.6 percent up in Pleistocene Upper international stage | I14: =CONCATENATE(Q14," percent up in ",R14," international stage") -> 49.8 percent up in Greenlandian international stage | J14: 0.44597221 | K14: =ROUND(J14*100,1) -> 44.6 | L14: Pleistocene Upper | P14: 0.49766888 | Q14: =ROUND(P14*100,1) -> 49.8 | R14: Greenlandian | S14: Overlapping
A15: QUATERNARY | B15: Malanghuangtuan | D15: China | E15: =$O$26-J15*($O$26-$O$13) -> 0.1031226 | F15: =$O$13-P15*($O$13-$O$5) -> 0.010018271 | H15: =CONCATENATE(K15," percent up in ",L15," international stage") -> 22.7 percent up in Pleistocene Upper international stage | I15: =CONCATENATE(Q15," percent up in ",R15," international stage") -> 49.8 percent up in Greenlandian international stage | J15: 0.22735838 | K15: =ROUND(J15*100,1) -> 22.7 | L15: Pleistocene Upper | P15: 0.49766888 | Q15: =ROUND(P15*100,1) -> 49.8 | R15: Greenlandian | S15: Overlapping
A16: QUATERNARY | B16: Pontinian | D16: Italy | E16: =$O$26-J16*($O$26-$O$13) -> 0.1031226 | F16: =$O$13-P16*($O$13-$O$5) -> 0.010018271 | H16: =CONCATENATE(K16," percent up in ",L16," international stage") -> 22.7 percent up in Pleistocene Upper international stage | I16: =CONCATENATE(Q16," percent up in ",R16," international stage") -> 49.8 percent up in Greenlandian international stage | J16: 0.22735838 | K16: =ROUND(J16*100,1) -> 22.7 | L16: Pleistocene Upper | P16: 0.49766888 | Q16: =ROUND(P16*100,1) -> 49.8 | R16: Greenlandian | S16: Overlapping
A17: QUATERNARY | B17: Versilian | E17: =$O$26-J17*($O$26-$O$13) -> 0.11806045 | F17: =$O$4-P17*($O$4-$O$3) -> 0 | H17: =CONCATENATE(K17," percent up in ",L17," international stage") -> 10.1 percent up in Pleistocene Upper international stage | I17: =CONCATENATE(Q17," percent up in ",R17," international stage") -> 100 percent up in Meghalayan international stage | J17: 0.10099776 | K17: =ROUND(J17*100,1) -> 10.1 | L17: Pleistocene Upper | P17: 1 | Q17: =ROUND(P17*100,1) -> 100 | R17: Meghalayan | S17: Overlapping
A18: QUATERNARY | B18: Tubantian | E18: =$O$26-J18*($O$26-$O$13) -> 0.11966254 | F18: =$O$13-P18*($O$13-$O$5) -> 0.011631291 | H18: =CONCATENATE(K18," percent up in ",L18," international stage") -> 8.7 percent up in Pleistocene Upper international stage | I18: =CONCATENATE(Q18," percent up in ",R18," international stage") -> 4.3 percent up in Greenlandian international stage | J18: 0.087445532 | K18: =ROUND(J18*100,1) -> 8.7 | L18: Pleistocene Upper | P18: 0.043040764 | Q18: =ROUND(P18*100,1) -> 4.3 | R18: Greenlandian | S18: Overlapping
A19: QUATERNARY | B19: Weichselian | D19: Northern Europe | E19: =$O$26-J19*($O$26-$O$13) -> 0.11966254 | F19: =$O$13-P19*($O$13-$O$5) -> 0.011631291 | H19: =CONCATENATE(K19," percent up in ",L19," international stage") -> 8.7 percent up in Pleistocene Upper international stage | I19: =CONCATENATE(Q19," percent up in ",R19," international stage") -> 4.3 percent up in Greenlandian international stage | J19: 0.087445532 | K19: =ROUND(J19*100,1) -> 8.7 | L19: Pleistocene Upper | P19: 0.043040764 | Q19: =ROUND(P19*100,1) -> 4.3 | R19: Greenlandian | S19: Overlapping
A20: QUATERNARY | B20: Würm Glacial | D20: Alps | E20: =$O$26-J20*($O$26-$O$13) -> 0.11966254 | F20: =$O$13-P20*($O$13-$O$5) -> 0.011631291 | H20: =CONCATENATE(K20," percent up in ",L20," international stage") -> 8.7 percent up in Pleistocene Upper international stage | I20: =CONCATENATE(Q20," percent up in ",R20," international stage") -> 4.3 percent up in Greenlandian international stage | J20: 0.087445532 | K20: =ROUND(J20*100,1) -> 8.7 | L20: Pleistocene Upper | P20: 0.043040764 | Q20: =ROUND(P20*100,1) -> 4.3 | R20: Greenlandian | S20: Overlapping
A21: QUATERNARY | B21: Valdaian | D21: Russian Plain | E21: =$O$26-J21*($O$26-$O$13) -> 0.12793251 | F21: =$O$26-P21*($O$26-$O$13) -> 0.012152944 | H21: =CONCATENATE(K21," percent up in ",L21," international stage") -> 1.7 percent up in Pleistocene Upper international stage | I21: =CONCATENATE(Q21," percent up in ",R21," international stage") -> 99.7 percent up in Pleistocene Upper international stage | J21: 0.017489106 | K21: =ROUND(J21*100,1) -> 1.7 | L21: Pleistocene Upper | P21: 0.99687907 | Q21: =ROUND(P21*100,1) -> 99.7 | R21: Pleistocene Upper | S21: Include in | T21: 0.97938996
A22: QUATERNARY | B22: Sangamonian | D22: North America | E22: =$O$26-J22*($O$26-$O$13) -> 0.12896625 | F22: =$O$26-P22*($O$26-$O$13) -> 0.077278949 | H22: =CONCATENATE(K22," percent up in ",L22," international stage") -> 0.9 percent up in Pleistocene Upper international stage | I22: =CONCATENATE(Q22," percent up in ",R22," international stage") -> 44.6 percent up in Pleistocene Upper international stage | J22: 0.0087445532 | K22: =ROUND(J22*100,1) -> 0.9 | L22: Pleistocene Upper | P22: 0.44597221 | Q22: =ROUND(P22*100,1) -> 44.6 | R22: Pleistocene Upper | S22: Include in | T22: 0.43722766
A23: QUATERNARY | B23: Mikulinian | D23: Russian Plain | E23: =$O$26-J23*($O$26-$O$13) -> 0.13 | F23: =$O$26-P23*($O$26-$O$13) -> 0.12793251 | H23: =CONCATENATE(K23," percent up in ",L23," international stage") -> 0 percent up in Pleistocene Upper international stage | I23: =CONCATENATE(Q23," percent up in ",R23," international stage") -> 1.7 percent up in Pleistocene Upper international stage | J23: 0 | K23: =ROUND(J23*100,1) -> 0 | L23: Pleistocene Upper | P23: 0.017489106 | Q23: =ROUND(P23*100,1) -> 1.7 | R23: Pleistocene Upper | S23: Equivalent to the base of
A24: QUATERNARY | B24: Tarantian | D24: Italy | E24: =$O$26-J24*($O$26-$O$13) -> 0.13 | F24: =$O$26-P24*($O$26-$O$13) -> 0.011784 | H24: =CONCATENATE(K24," percent up in ",L24," international stage") -> 0 percent up in Pleistocene Upper international stage | I24: =CONCATENATE(Q24," percent up in ",R24," international stage") -> 100 percent up in Pleistocene Upper international stage | J24: 0 | K24: =ROUND(J24*100,1) -> 0 | L24: Pleistocene Upper | P24: 1 | Q24: =ROUND(P24*100,1) -> 100 | R24: Pleistocene Upper | S24: Equivalent to
A25: QUATERNARY | B25: Tyrrhenian | D25: Europe | E25: =$O$26-J25*($O$26-$O$13) -> 0.13 | F25: =$O$26-P25*($O$26-$O$13) -> 0.08253074 | H25: =CONCATENATE(K25," percent up in ",L25," international stage") -> 0 percent up in Pleistocene Upper international stage | I25: =CONCATENATE(Q25," percent up in ",R25," international stage") -> 40.2 percent up in Pleistocene Upper international stage | J25: 0 | K25: =ROUND(J25*100,1) -> 0 | L25: Pleistocene Upper | P25: 0.40154683 | Q25: =ROUND(P25*100,1) -> 40.2 | R25: Pleistocene Upper | S25: Equivalent to the base of
A26: QUATERNARY | B26: Pleistocene Upper | C26: Sub-epoch | D26: Global standard | E26: =$O$26-J26*($O$26-$O$13) -> 0.13 | F26: =$O$26-P26*($O$26-$O$13) -> 0.011784 | H26: =CONCATENATE(K26," percent up in ",L26," international stage") -> 0 percent up in Pleistocene Upper international stage | I26: =CONCATENATE(Q26," percent up in ",R26," international stage") -> 100 percent up in Pleistocene Upper international stage | J26: 0 | K26: =ROUND(J26*100,1) -> 0 | L26: Pleistocene Upper | M26: Stratotype | N26: q4 | O26: =Master_Chronostrat!I8 -> 0.13 | P26: 1 | Q26: =ROUND(P26*100,1) -> 100 | R26: Pleistocene Upper | S26: Stratotype
A27: QUATERNARY | B27: Riss-Würm Interglacial | D27: Alps | E27: =$O$76-J27*($O$76-$O$26) -> 0.13196336 | F27: =$O$26-P27*($O$26-$O$13) -> 0.11966254 | H27: =CONCATENATE(K27," percent up in ",L27," international stage") -> 99.7 percent up in Chibanian international stage | I27: =CONCATENATE(Q27," percent up in ",R27," international stage") -> 8.7 percent up in Pleistocene Upper international stage | J27: 0.99694656 | K27: =ROUND(J27*100,1) -> 99.7 | L27: Chibanian | P27: 0.087445532 | Q27: =ROUND(P27*100,1) -> 8.7 | R27: Pleistocene Upper | S27: Overlapping
A28: QUATERNARY | B28: Eemian | D28: Northern Europe | E28: =$O$76-J28*($O$76-$O$26) -> 0.13392672 | F28: =$O$26-P28*($O$26-$O$13) -> 0.11966254 | H28: =CONCATENATE(K28," percent up in ",L28," international stage") -> 99.4 percent up in Chibanian international stage | I28: =CONCATENATE(Q28," percent up in ",R28," international stage") -> 8.7 percent up in Pleistocene Upper international stage | J28: 0.99389313 | K28: =ROUND(J28*100,1) -> 99.4 | L28: Chibanian | P28: 0.087445532 | Q28: =ROUND(P28*100,1) -> 8.7 | R28: Pleistocene Upper | S28: Overlapping
A29: QUATERNARY | B29: Ipswichian | D29: Great Britain | E29: =$O$76-J29*($O$76-$O$26) -> 0.13392672 | F29: =$O$26-P29*($O$26-$O$13) -> 0.11966254 | H29: =CONCATENATE(K29," percent up in ",L29," international stage") -> 99.4 percent up in Chibanian international stage | I29: =CONCATENATE(Q29," percent up in ",R29," international stage") -> 8.7 percent up in Pleistocene Upper international stage | J29: 0.99389313 | K29: =ROUND(J29*100,1) -> 99.4 | L29: Chibanian | P29: 0.087445532 | Q29: =ROUND(P29*100,1) -> 8.7 | R29: Pleistocene Upper | S29: Overlapping
A30: QUATERNARY | B30: Warthian | D30: NW Europe | E30: =$O$76-J30*($O$76-$O$26) -> 0.15356031 | F30: =$O$76-P30*($O$76-$O$26) -> 0.13392672 | H30: =CONCATENATE(K30," percent up in ",L30," international stage") -> 96.3 percent up in Chibanian international stage | I30: =CONCATENATE(Q30," percent up in ",R30," international stage") -> 99.4 percent up in Chibanian international stage | J30: 0.96335878 | K30: =ROUND(J30*100,1) -> 96.3 | L30: Chibanian | P30: 0.99389313 | Q30: =ROUND(P30*100,1) -> 99.4 | R30: Chibanian | S30: Include in | T30: 0.030534351
A31: QUATERNARY | B31: Warthe | D31: NW Europe | E31: =$O$76-J31*($O$76-$O$26) -> 0.1633771 | F31: =$O$76-P31*($O$76-$O$26) -> 0.13 | H31: =CONCATENATE(K31," percent up in ",L31," international stage") -> 94.8 percent up in Chibanian international stage | I31: =CONCATENATE(Q31," percent up in ",R31," international stage") -> 100 percent up in Chibanian international stage | J31: 0.9480916 | K31: =ROUND(J31*100,1) -> 94.8 | L31: Chibanian | P31: 1 | Q31: =ROUND(P31*100,1) -> 100 | R31: Chibanian | S31: Equivalent to the top of
A32: QUATERNARY | B32: Illinoian | D32: North America | E32: =$O$76-J32*($O$76-$O$26) -> 0.17319389 | F32: =$O$26-P32*($O$26-$O$13) -> 0.12896625 | H32: =CONCATENATE(K32," percent up in ",L32," international stage") -> 93.3 percent up in Chibanian international stage | I32: =CONCATENATE(Q32," percent up in ",R32," international stage") -> 0.9 percent up in Pleistocene Upper international stage | J32: 0.93282443 | K32: =ROUND(J32*100,1) -> 93.3 | L32: Chibanian | P32: 0.0087445532 | Q32: =ROUND(P32*100,1) -> 0.9 | R32: Pleistocene Upper | S32: Overlapping
A33: QUATERNARY | B33: Treenean | D33: NW Europe | E33: =$O$76-J33*($O$76-$O$26) -> 0.17319389 | F33: =$O$76-P33*($O$76-$O$26) -> 0.15356031 | H33: =CONCATENATE(K33," percent up in ",L33," international stage") -> 93.3 percent up in Chibanian international stage | I33: =CONCATENATE(Q33," percent up in ",R33," international stage") -> 96.3 percent up in Chibanian international stage | J33: 0.93282443 | K33: =ROUND(J33*100,1) -> 93.3 | L33: Chibanian | P33: 0.96335878 | Q33: =ROUND(P33*100,1) -> 96.3 | R33: Chibanian | S33: Include in | T33: 0.030534351
A34: QUATERNARY | B34: Dnieper | D34: Russian Plain | E34: =$O$76-J34*($O$76-$O$26) -> 0.20264427 | F34: =$O$76-P34*($O$76-$O$26) -> 0.1633771 | H34: =CONCATENATE(K34," percent up in ",L34," international stage") -> 88.7 percent up in Chibanian international stage | I34: =CONCATENATE(Q34," percent up in ",R34," international stage") -> 94.8 percent up in Chibanian international stage | J34: 0.8870229 | K34: =ROUND(J34*100,1) -> 88.7 | L34: Chibanian | P34: 0.9480916 | Q34: =ROUND(P34*100,1) -> 94.8 | R34: Chibanian | S34: Include in | T34: 0.061068702
A35: QUATERNARY | B35: Drenthe | D35: NW Europe | E35: =$O$76-J35*($O$76-$O$26) -> 0.20264427 | F35: =$O$76-P35*($O$76-$O$26) -> 0.1633771 | H35: =CONCATENATE(K35," percent up in ",L35," international stage") -> 88.7 percent up in Chibanian international stage | I35: =CONCATENATE(Q35," percent up in ",R35," international stage") -> 94.8 percent up in Chibanian international stage | J35: 0.8870229 | K35: =ROUND(J35*100,1) -> 88.7 | L35: Chibanian | P35: 0.9480916 | Q35: =ROUND(P35*100,1) -> 94.8 | R35: Chibanian | S35: Include in | T35: 0.061068702
A36: QUATERNARY | B36: Drenthian | D36: NW Europe | E36: =$O$76-J36*($O$76-$O$26) -> 0.23994809 | F36: =$O$76-P36*($O$76-$O$26) -> 0.17319389 | H36: =CONCATENATE(K36," percent up in ",L36," international stage") -> 82.9 percent up in Chibanian international stage | I36: =CONCATENATE(Q36," percent up in ",R36," international stage") -> 93.3 percent up in Chibanian international stage | J36: 0.82900763 | K36: =ROUND(J36*100,1) -> 82.9 | L36: Chibanian | P36: 0.93282443 | Q36: =ROUND(P36*100,1) -> 93.3 | R36: Chibanian | S36: Include in | T36: 0.10381679
A37: QUATERNARY | B37: Riss Glacial | D37: Alps | E37: =$O$76-J37*($O$76-$O$26) -> 0.23994809 | F37: =$O$76-P37*($O$76-$O$26) -> 0.13196336 | H37: =CONCATENATE(K37," percent up in ",L37," international stage") -> 82.9 percent up in Chibanian international stage | I37: =CONCATENATE(Q37," percent up in ",R37," international stage") -> 99.7 percent up in Chibanian international stage | J37: 0.82900763 | K37: =ROUND(J37*100,1) -> 82.9 | L37: Chibanian | P37: 0.99694656 | Q37: =ROUND(P37*100,1) -> 99.7 | R37: Chibanian | S37: Include in | T37: 0.16793893
A38: QUATERNARY | B38: Saalian | D38: Northern Europe | E38: =$O$76-J38*($O$76-$O$26) -> 0.23994809 | F38: =$O$76-P38*($O$76-$O$26) -> 0.13196336 | H38: =CONCATENATE(K38," percent up in ",L38," international stage") -> 82.9 percent up in Chibanian international stage | I38: =CONCATENATE(Q38," percent up in ",R38," international stage") -> 99.7 percent up in Chibanian international stage | J38: 0.82900763 | K38: =ROUND(J38*100,1) -> 82.9 | L38: Chibanian | P38: 0.99694656 | Q38: =ROUND(P38*100,1) -> 99.7 | R38: Chibanian | S38: Include in | T38: 0.16793893
A39: QUATERNARY | B39: Wolstonian | D39: Great Britain | E39: =$O$76-J39*($O$76-$O$26) -> 0.23994809 | F39: =$O$76-P39*($O$76-$O$26) -> 0.13196336 | H39: =CONCATENATE(K39," percent up in ",L39," international stage") -> 82.9 percent up in Chibanian international stage | I39: =CONCATENATE(Q39," percent up in ",R39," international stage") -> 99.7 percent up in Chibanian international stage | J39: 0.82900763 | K39: =ROUND(J39*100,1) -> 82.9 | L39: Chibanian | P39: 0.99694656 | Q39: =ROUND(P39*100,1) -> 99.7 | R39: Chibanian | S39: Include in | T39: 0.16793893
A40: QUATERNARY | B40: Nomentanan | D40: Italy | E40: =$O$76-J40*($O$76-$O$26) -> 0.24191145 | F40: =$O$76-P40*($O$76-$O$26) -> 0.13392672 | H40: =CONCATENATE(K40," percent up in ",L40," international stage") -> 82.6 percent up in Chibanian international stage | I40: =CONCATENATE(Q40," percent up in ",R40," international stage") -> 99.4 percent up in Chibanian international stage | J40: 0.8259542 | K40: =ROUND(J40*100,1) -> 82.6 | L40: Chibanian | P40: 0.99389313 | Q40: =ROUND(P40*100,1) -> 99.4 | R40: Chibanian | S40: Include in | T40: 0.16793893
A41: QUATERNARY | B41: Oostermeer Interglacial | D41: Netherlands | E41: =$O$76-J41*($O$76-$O$26) -> 0.24485649 | F41: =$O$76-P41*($O$76-$O$26) -> 0.23994809 | H41: =CONCATENATE(K41," percent up in ",L41," international stage") -> 82.1 percent up in Chibanian international stage | I41: =CONCATENATE(Q41," percent up in ",R41," international stage") -> 82.9 percent up in Chibanian international stage | J41: 0.82137405 | K41: =ROUND(J41*100,1) -> 82.1 | L41: Chibanian | P41: 0.82900763 | Q41: =ROUND(P41*100,1) -> 82.9 | R41: Chibanian | S41: Include in | T41: 0.0076335878
A42: QUATERNARY | B42: Yarmouthian | D42: North America | E42: =$O$76-J42*($O$76-$O$26) -> 0.26154504 | F42: =$O$76-P42*($O$76-$O$26) -> 0.17319389 | H42: =CONCATENATE(K42," percent up in ",L42," international stage") -> 79.5 percent up in Chibanian international stage | I42: =CONCATENATE(Q42," percent up in ",R42," international stage") -> 93.3 percent up in Chibanian international stage | J42: 0.79541985 | K42: =ROUND(J42*100,1) -> 79.5 | L42: Chibanian | P42: 0.93282443 | Q42: =ROUND(P42*100,1) -> 93.3 | R42: Chibanian | S42: Include in | T42: 0.13740458
A43: QUATERNARY | B43: Likhvinian | D43: Eastern Europe | E43: =$O$76-J43*($O$76-$O$26) -> 0.30081221 | F43: =$O$76-P43*($O$76-$O$26) -> 0.18301069 | H43: =CONCATENATE(K43," percent up in ",L43," international stage") -> 73.4 percent up in Chibanian international stage | I43: =CONCATENATE(Q43," percent up in ",R43," international stage") -> 91.8 percent up in Chibanian international stage | J43: 0.73435115 | K43: =ROUND(J43*100,1) -> 73.4 | L43: Chibanian | P43: 0.91755725 | Q43: =ROUND(P43*100,1) -> 91.8 | R43: Chibanian | S43: Include in | T43: 0.18320611
A44: QUATERNARY | B44: Rancholabrean | D44: North America | E44: =$O$76-J44*($O$76-$O$26) -> 0.30081221 | F44: =$O$13-P44*($O$13-$O$5) -> 0.011736956 | H44: =CONCATENATE(K44," percent up in ",L44," international stage") -> 73.4 percent up in Chibanian international stage | I44: =CONCATENATE(Q44," percent up in ",R44," international stage") -> 1.3 percent up in Greenlandian international stage | J44: 0.73435115 | K44: =ROUND(J44*100,1) -> 73.4 | L44: Chibanian | P44: 0.013259328 | Q44: =ROUND(P44*100,1) -> 1.3 | R44: Greenlandian | S44: Overlapping
A45: QUATERNARY | B45: Belvedere Interglacial | E45: =$O$76-J45*($O$76-$O$26) -> 0.33811603 | F45: =$O$76-P45*($O$76-$O$26) -> 0.32437252 | H45: =CONCATENATE(K45," percent up in ",L45," international stage") -> 67.6 percent up in Chibanian international stage | I45: =CONCATENATE(Q45," percent up in ",R45," international stage") -> 69.8 percent up in Chibanian international stage | J45: 0.67633588 | K45: =ROUND(J45*100,1) -> 67.6 | L45: Chibanian | P45: 0.69770992 | Q45: =ROUND(P45*100,1) -> 69.8 | R45: Chibanian | S45: Include in | T45: 0.021374046
A46: QUATERNARY | B46: Domnitz | D46: NW Europe | E46: =$O$76-J46*($O$76-$O$26) -> 0.34007939 | F46: =$O$76-P46*($O$76-$O$26) -> 0.20264427 | H46: =CONCATENATE(K46," percent up in ",L46," international stage") -> 67.3 percent up in Chibanian international stage | I46: =CONCATENATE(Q46," percent up in ",R46," international stage") -> 88.7 percent up in Chibanian international stage | J46: 0.67328244 | K46: =ROUND(J46*100,1) -> 67.3 | L46: Chibanian | P46: 0.8870229 | Q46: =ROUND(P46*100,1) -> 88.7 | R46: Chibanian | S46: Include in | T46: 0.21374046
A47: QUATERNARY | B47: Wacken | D47: NW Europe | E47: =$O$76-J47*($O$76-$O$26) -> 0.34007939 | F47: =$O$76-P47*($O$76-$O$26) -> 0.20264427 | H47: =CONCATENATE(K47," percent up in ",L47," international stage") -> 67.3 percent up in Chibanian international stage | I47: =CONCATENATE(Q47," percent up in ",R47," international stage") -> 88.7 percent up in Chibanian international stage | J47: 0.67328244 | K47: =ROUND(J47*100,1) -> 67.3 | L47: Chibanian | P47: 0.8870229 | Q47: =ROUND(P47*100,1) -> 88.7 | R47: Chibanian | S47: Include in | T47: 0.21374046
A48: QUATERNARY | B48: Kvalinian | D48: Georgia | E48: =$O$76-J48*($O$76-$O$26) -> 0.36986747 | F48: 0.012 | H48: =CONCATENATE(K48," percent up in ",L48," international stage") -> 62.7 percent up in Chibanian international stage | I48: =CONCATENATE(Q48," percent up in ",R48," international stage") -> 100 percent up in Pleistocene Upper international stage | J48: 0.62695573 | K48: =ROUND(J48*100,1) -> 62.7 | L48: Chibanian | P48: 1 | Q48: =ROUND(P48*100,1) -> 100 | R48: Pleistocene Upper | S48: Overlapping
A49: QUATERNARY | B49: Neoeuxian | D49: Georgia | E49: =$O$76-J49*($O$76-$O$26) -> 0.36986747 | F49: 0.012 | H49: =CONCATENATE(K49," percent up in ",L49," international stage") -> 62.7 percent up in Chibanian international stage | I49: =CONCATENATE(Q49," percent up in ",R49," international stage") -> 100 percent up in Pleistocene Upper international stage | J49: 0.62695573 | K49: =ROUND(J49*100,1) -> 62.7 | L49: Chibanian | P49: 1 | Q49: =ROUND(P49*100,1) -> 100 | R49: Pleistocene Upper | S49: Overlapping
A50: QUATERNARY | B50: Fuhne | D50: NW Europe | E50: =$O$76-J50*($O$76-$O$26) -> 0.38916336 | F50: =$O$76-P50*($O$76-$O$26) -> 0.34007939 | H50: =CONCATENATE(K50," percent up in ",L50," international stage") -> 59.7 percent up in Chibanian international stage | I50: =CONCATENATE(Q50," percent up in ",R50," international stage") -> 67.3 percent up in Chibanian international stage | J50: 0.59694656 | K50: =ROUND(J50*100,1) -> 59.7 | L50: Chibanian | P50: 0.67328244 | Q50: =ROUND(P50*100,1) -> 67.3 | R50: Chibanian | S50: Include in | T50: 0.076335878
A51: QUATERNARY | B51: Holsteinian | D51: Northern Europe | E51: =$O$76-J51*($O$76-$O$26) -> 0.41665038 | F51: =$O$76-P51*($O$76-$O$26) -> 0.38523664 | H51: =CONCATENATE(K51," percent up in ",L51," international stage") -> 55.4 percent up in Chibanian international stage | I51: =CONCATENATE(Q51," percent up in ",R51," international stage") -> 60.3 percent up in Chibanian international stage | J51: 0.55419847 | K51: =ROUND(J51*100,1) -> 55.4 | L51: Chibanian | P51: 0.60305344 | Q51: =ROUND(P51*100,1) -> 60.3 | R51: Chibanian | S51: Include in | T51: 0.048854962
A52: QUATERNARY | B52: Needian | E52: =$O$76-J52*($O$76-$O$26) -> 0.41861374 | F52: =$O$76-P52*($O$76-$O$26) -> 0.37934656 | H52: =CONCATENATE(K52," percent up in ",L52," international stage") -> 55.1 percent up in Chibanian international stage | I52: =CONCATENATE(Q52," percent up in ",R52," international stage") -> 61.2 percent up in Chibanian international stage | J52: 0.55114504 | K52: =ROUND(J52*100,1) -> 55.1 | L52: Chibanian | P52: 0.61221374 | Q52: =ROUND(P52*100,1) -> 61.2 | R52: Chibanian | S52: Include in | T52: 0.061068702
A53: QUATERNARY | B53: Okian | D53: Russian Plain | E53: =$O$76-J53*($O$76-$O$26) -> 0.44806412 | F53: =$O$76-P53*($O$76-$O$26) -> 0.40879695 | H53: =CONCATENATE(K53," percent up in ",L53," international stage") -> 50.5 percent up in Chibanian international stage | I53: =CONCATENATE(Q53," percent up in ",R53," international stage") -> 56.6 percent up in Chibanian international stage | J53: 0.50534351 | K53: =ROUND(J53*100,1) -> 50.5 | L53: Chibanian | P53: 0.56641221 | Q53: =ROUND(P53*100,1) -> 56.6 | R53: Chibanian | S53: Include in | T53: 0.061068702
A54: QUATERNARY | B54: Anglian | D54: Great Britain | E54: =$O$76-J54*($O$76-$O$26) -> 0.46278931 | F54: =$O$76-P54*($O$76-$O$26) -> 0.41665038 | H54: =CONCATENATE(K54," percent up in ",L54," international stage") -> 48.2 percent up in Chibanian international stage | I54: =CONCATENATE(Q54," percent up in ",R54," international stage") -> 55.4 percent up in Chibanian international stage | J54: 0.48244275 | K54: =ROUND(J54*100,1) -> 48.2 | L54: Chibanian | P54: 0.55419847 | Q54: =ROUND(P54*100,1) -> 55.4 | R54: Chibanian | S54: Include in | T54: 0.071755725
A55: QUATERNARY | B55: Elsterian | D55: Northern Europe | E55: =$O$76-J55*($O$76-$O$26) -> 0.46278931 | F55: =$O$76-P55*($O$76-$O$26) -> 0.41665038 | H55: =CONCATENATE(K55," percent up in ",L55," international stage") -> 48.2 percent up in Chibanian international stage | I55: =CONCATENATE(Q55," percent up in ",R55," international stage") -> 55.4 percent up in Chibanian international stage | J55: 0.48244275 | K55: =ROUND(J55*100,1) -> 48.2 | L55: Chibanian | P55: 0.55419847 | Q55: =ROUND(P55*100,1) -> 55.4 | R55: Chibanian | S55: Include in | T55: 0.071755725
A56: QUATERNARY | B56: Mindel-Riss | D56: Alps | E56: =$O$76-J56*($O$76-$O$26) -> 0.46278931 | F56: =$O$76-P56*($O$76-$O$26) -> 0.23994809 | H56: =CONCATENATE(K56," percent up in ",L56," international stage") -> 48.2 percent up in Chibanian international stage | I56: =CONCATENATE(Q56," percent up in ",R56," international stage") -> 82.9 percent up in Chibanian international stage | J56: 0.48244275 | K56: =ROUND(J56*100,1) -> 48.2 | L56: Chibanian | P56: 0.82900763 | Q56: =ROUND(P56*100,1) -> 82.9 | R56: Chibanian | S56: Include in | T56: 0.34656489
A57: QUATERNARY | B57: Kansan | D57: North America | E57: =$O$76-J57*($O$76-$O$26) -> 0.4775145 | F57: =$O$76-P57*($O$76-$O$26) -> 0.26154504 | H57: =CONCATENATE(K57," percent up in ",L57," international stage") -> 46 percent up in Chibanian international stage | I57: =CONCATENATE(Q57," percent up in ",R57," international stage") -> 79.5 percent up in Chibanian international stage | J57: 0.45954198 | K57: =ROUND(J57*100,1) -> 46 | L57: Chibanian | P57: 0.79541985 | Q57: =ROUND(P57*100,1) -> 79.5 | R57: Chibanian | S57: Include in | T57: 0.33587786
A58: QUATERNARY | B58: Putikian | D58: New Zealand | E58: =$O$76-J58*($O$76-$O$26) -> 0.4775145 | F58: =$O$13-P58*($O$13-$O$5) -> 0.011736956 | H58: =CONCATENATE(K58," percent up in ",L58," international stage") -> 46 percent up in Chibanian international stage | I58: =CONCATENATE(Q58," percent up in ",R58," international stage") -> 1.3 percent up in Greenlandian international stage | J58: 0.45954198 | K58: =ROUND(J58*100,1) -> 46 | L58: Chibanian | P58: 0.013259328 | Q58: =ROUND(P58*100,1) -> 1.3 | R58: Greenlandian | S58: Overlapping
A59: QUATERNARY | B59: Flaminian | D59: Italy | E59: =$O$76-J59*($O$76-$O$26) -> 0.49714809 | F59: =$O$76-P59*($O$76-$O$26) -> 0.30081221 | H59: =CONCATENATE(K59," percent up in ",L59," international stage") -> 42.9 percent up in Chibanian international stage | I59: =CONCATENATE(Q59," percent up in ",R59," international stage") -> 73.4 percent up in Chibanian international stage | J59: 0.42900763 | K59: =ROUND(J59*100,1) -> 42.9 | L59: Chibanian | P59: 0.73435115 | Q59: =ROUND(P59*100,1) -> 73.4 | R59: Chibanian | S59: Include in | T59: 0.30534351
A60: QUATERNARY | B60: Noordbergum | D60: NW Europe | E60: =$O$76-J60*($O$76-$O$26) -> 0.49714809 | F60: =$O$76-P60*($O$76-$O$26) -> 0.44806412 | H60: =CONCATENATE(K60," percent up in ",L60," international stage") -> 42.9 percent up in Chibanian international stage | I60: =CONCATENATE(Q60," percent up in ",R60," international stage") -> 50.5 percent up in Chibanian international stage | J60: 0.42900763 | K60: =ROUND(J60*100,1) -> 42.9 | L60: Chibanian | P60: 0.50534351 | Q60: =ROUND(P60*100,1) -> 50.5 | R60: Chibanian | S60: Include in | T60: 0.076335878
A61: QUATERNARY | B61: Hesbayan | E61: =$O$76-J61*($O$76-$O$26) -> 0.51776336 | F61: =$O$76-P61*($O$76-$O$26) -> 0.26154504 | H61: =CONCATENATE(K61," percent up in ",L61," international stage") -> 39.7 percent up in Chibanian international stage | I61: =CONCATENATE(Q61," percent up in ",R61," international stage") -> 79.5 percent up in Chibanian international stage | J61: 0.39694656 | K61: =ROUND(J61*100,1) -> 39.7 | L61: Chibanian | P61: 0.79541985 | Q61: =ROUND(P61*100,1) -> 79.5 | R61: Chibanian | S61: Include in | T61: 0.39847328
A62: QUATERNARY | B62: Muchkapian | D62: Russian Plain | E62: =$O$76-J62*($O$76-$O$26) -> 0.54623206 | F62: =$O$76-P62*($O$76-$O$26) -> 0.44806412 | H62: =CONCATENATE(K62," percent up in ",L62," international stage") -> 35.3 percent up in Chibanian international stage | I62: =CONCATENATE(Q62," percent up in ",R62," international stage") -> 50.5 percent up in Chibanian international stage | J62: 0.35267176 | K62: =ROUND(J62*100,1) -> 35.3 | L62: Chibanian | P62: 0.50534351 | Q62: =ROUND(P62*100,1) -> 50.5 | R62: Chibanian | S62: Include in | T62: 0.15267176
A63: QUATERNARY | B63: Aftonian | D63: North America | E63: =$O$76-J63*($O$76-$O$26) -> 0.59531603 | F63: =$O$76-P63*($O$76-$O$26) -> 0.4775145 | H63: =CONCATENATE(K63," percent up in ",L63," international stage") -> 27.6 percent up in Chibanian international stage | I63: =CONCATENATE(Q63," percent up in ",R63," international stage") -> 46 percent up in Chibanian international stage | J63: 0.27633588 | K63: =ROUND(J63*100,1) -> 27.6 | L63: Chibanian | P63: 0.45954198 | Q63: =ROUND(P63*100,1) -> 46 | R63: Chibanian | S63: Include in | T63: 0.18320611
A64: QUATERNARY | B64: Rosmalen | D64: NW Europe | E64: =$O$76-J64*($O$76-$O$26) -> 0.60513282 | F64: =$O$76-P64*($O$76-$O$26) -> 0.54623206 | H64: =CONCATENATE(K64," percent up in ",L64," international stage") -> 26.1 percent up in Chibanian international stage | I64: =CONCATENATE(Q64," percent up in ",R64," international stage") -> 35.3 percent up in Chibanian international stage | J64: 0.2610687 | K64: =ROUND(J64*100,1) -> 26.1 | L64: Chibanian | P64: 0.35267176 | Q64: =ROUND(P64*100,1) -> 35.3 | R64: Chibanian | S64: Include in | T64: 0.091603053
A65: QUATERNARY | B65: Donian | D65: Russian Plain | E65: =$O$76-J65*($O$76-$O$26) -> 0.67385038 | F65: =$O$76-P65*($O$76-$O$26) -> 0.54623206 | H65: =CONCATENATE(K65," percent up in ",L65," international stage") -> 15.4 percent up in Chibanian international stage | I65: =CONCATENATE(Q65," percent up in ",R65," international stage") -> 35.3 percent up in Chibanian international stage | J65: 0.15419847 | K65: =ROUND(J65*100,1) -> 15.4 | L65: Chibanian | P65: 0.35267176 | Q65: =ROUND(P65*100,1) -> 35.3 | R65: Chibanian | S65: Include in | T65: 0.19847328
A66: QUATERNARY | B66: Ilynian | D66: Russian Plain | E66: =$O$76-J66*($O$76-$O$26) -> 0.71311756 | F66: =$O$76-P66*($O$76-$O$26) -> 0.67385038 | H66: =CONCATENATE(K66," percent up in ",L66," international stage") -> 9.3 percent up in Chibanian international stage | I66: =CONCATENATE(Q66," percent up in ",R66," international stage") -> 15.4 percent up in Chibanian international stage | J66: 0.093129771 | K66: =ROUND(J66*100,1) -> 9.3 | L66: Chibanian | P66: 0.15419847 | Q66: =ROUND(P66*100,1) -> 15.4 | R66: Chibanian | S66: Include in | T66: 0.061068702
A67: QUATERNARY | B67: Westerhoven | D67: NW Europe | E67: =$O$76-J67*($O$76-$O$26) -> 0.71311756 | F67: =$O$76-P67*($O$76-$O$26) -> 0.67385038 | H67: =CONCATENATE(K67," percent up in ",L67," international stage") -> 9.3 percent up in Chibanian international stage | I67: =CONCATENATE(Q67," percent up in ",R67," international stage") -> 15.4 percent up in Chibanian international stage | J67: 0.093129771 | K67: =ROUND(J67*100,1) -> 9.3 | L67: Chibanian | P67: 0.15419847 | Q67: =ROUND(P67*100,1) -> 15.4 | R67: Chibanian | S67: Include in | T67: 0.061068702
A68: QUATERNARY | B68: Girkan | D68: Georgia | E68: =$O$76-J68*($O$76-$O$26) -> 0.72220595 | F68: =$O$76-P68*($O$76-$O$26) -> 0.36986747 | H68: =CONCATENATE(K68," percent up in ",L68," international stage") -> 7.9 percent up in Chibanian international stage | I68: =CONCATENATE(Q68," percent up in ",R68," international stage") -> 62.7 percent up in Chibanian international stage | J68: 0.07899542 | K68: =ROUND(J68*100,1) -> 7.9 | L68: Chibanian | P68: 0.62695573 | Q68: =ROUND(P68*100,1) -> 62.7 | R68: Chibanian | S68: Include in | T68: 0.54796031
A69: QUATERNARY | B69: Karangatian | D69: Georgia | E69: =$O$76-J69*($O$76-$O$26) -> 0.72220595 | F69: =$O$76-P69*($O$76-$O$26) -> 0.36986747 | H69: =CONCATENATE(K69," percent up in ",L69," international stage") -> 7.9 percent up in Chibanian international stage | I69: =CONCATENATE(Q69," percent up in ",R69," international stage") -> 62.7 percent up in Chibanian international stage | J69: 0.07899542 | K69: =ROUND(J69*100,1) -> 7.9 | L69: Chibanian | P69: 0.62695573 | Q69: =ROUND(P69*100,1) -> 62.7 | R69: Chibanian | S69: Include in | T69: 0.54796031
A70: QUATERNARY | B70: Pokrovian | D70: Russian Plain | E70: =$O$76-J70*($O$76-$O$26) -> 0.77201832 | F70: =$O$76-P70*($O$76-$O$26) -> 0.71311756 | H70: =CONCATENATE(K70," percent up in ",L70," international stage") -> 0.2 percent up in Chibanian international stage | I70: =CONCATENATE(Q70," percent up in ",R70," international stage") -> 9.3 percent up in Chibanian international stage | J70: 0.0015267176 | K70: =ROUND(J70*100,1) -> 0.2 | L70: Chibanian | P70: 0.093129771 | Q70: =ROUND(P70*100,1) -> 9.3 | R70: Chibanian | S70: Include in | T70: 0.091603053
A71: QUATERNARY | B71: Campinian | E71: =$O$76-J71*($O$76-$O$26) -> 0.773 | F71: =$O$76-P71*($O$76-$O$26) -> 0.51776336 | H71: =CONCATENATE(K71," percent up in ",L71," international stage") -> 0 percent up in Chibanian international stage | I71: =CONCATENATE(Q71," percent up in ",R71," international stage") -> 39.7 percent up in Chibanian international stage | J71: 0 | K71: =ROUND(J71*100,1) -> 0 | L71: Chibanian | P71: 0.39694656 | Q71: =ROUND(P71*100,1) -> 39.7 | R71: Chibanian | S71: Equivalent to the base of
A72: QUATERNARY | B72: Hoxnian | D72: Great Britain | E72: =$O$76-J72*($O$76-$O$26) -> 0.773 | F72: =$O$76-P72*($O$76-$O$26) -> 0.13 | H72: =CONCATENATE(K72," percent up in ",L72," international stage") -> 0 percent up in Chibanian international stage | I72: =CONCATENATE(Q72," percent up in ",R72," international stage") -> 100 percent up in Chibanian international stage | J72: 0 | K72: =ROUND(J72*100,1) -> 0 | L72: Chibanian | P72: 1 | Q72: =ROUND(P72*100,1) -> 100 | R72: Chibanian | S72: Equivalent to
A73: QUATERNARY | B73: Ionian | D73: Italy | E73: =$O$76-J73*($O$76-$O$26) -> 0.773 | F73: =$O$76-P73*($O$76-$O$26) -> 0.13 | H73: =CONCATENATE(K73," percent up in ",L73," international stage") -> 0 percent up in Chibanian international stage | I73: =CONCATENATE(Q73," percent up in ",R73," international stage") -> 100 percent up in Chibanian international stage | J73: 0 | K73: =ROUND(J73*100,1) -> 0 | L73: Chibanian | P73: 1 | Q73: =ROUND(P73*100,1) -> 100 | R73: Chibanian | S73: Equivalent to
A74: QUATERNARY | B74: Milazzian | E74: =$O$76-J74*($O$76-$O$26) -> 0.773 | F74: =$O$76-P74*($O$76-$O$26) -> 0.13 | H74: =CONCATENATE(K74," percent up in ",L74," international stage") -> 0 percent up in Chibanian international stage | I74: =CONCATENATE(Q74," percent up in ",R74," international stage") -> 100 percent up in Chibanian international stage | J74: 0 | K74: =ROUND(J74*100,1) -> 0 | L74: Chibanian | P74: 1 | Q74: =ROUND(P74*100,1) -> 100 | R74: Chibanian | S74: Equivalent to
A75: QUATERNARY | B75: Pleistocene Middle | C75: Sub-epoch | D75: Global standard | E75: =$O$76-J75*($O$76-$O$26) -> 0.773 | F75: =$O$76-P75*($O$76-$O$26) -> 0.13 | H75: =CONCATENATE(K75," percent up in ",L75," international stage") -> 0 percent up in Chibanian international stage | I75: =CONCATENATE(Q75," percent up in ",R75," international stage") -> 100 percent up in Chibanian international stage | J75: 0 | K75: =ROUND(J75*100,1) -> 0 | L75: Chibanian | P75: 1 | Q75: =ROUND(P75*100,1) -> 100 | R75: Chibanian | S75: Equivalent to
A76: QUATERNARY | B76: Chibanian | C76: Stage/Age | D76: Global standard | E76: =$O$76-J76*($O$76-$O$26) -> 0.773 | F76: =$O$76-P76*($O$76-$O$26) -> 0.13 | H76: =CONCATENATE(K76," percent up in ",L76," international stage") -> 0 percent up in Chibanian international stage | I76: =CONCATENATE(Q76," percent up in ",R76," international stage") -> 100 percent up in Chibanian international stage | J76: 0 | K76: =ROUND(J76*100,1) -> 0 | L76: Chibanian | M76: Stratotype | N76: q3 | O76: =Master_Chronostrat!I9 -> 0.773 | P76: 1 | Q76: =ROUND(P76*100,1) -> 100 | R76: Chibanian | S76: Stratotype
A77: QUATERNARY | B77: Lujanian | D77: South America | E77: =$O$121-J77*($O$121-$O$76) -> 0.79214829 | F77: =$O$76-P77*($O$76-$O$26) -> 0.30081221 | H77: =CONCATENATE(K77," percent up in ",L77," international stage") -> 98.1 percent up in Calabrian international stage | I77: =CONCATENATE(Q77," percent up in ",R77," international stage") -> 73.4 percent up in Chibanian international stage | J77: 0.98146341 | K77: =ROUND(J77*100,1) -> 98.1 | L77: Calabrian | P77: 0.73435115 | Q77: =ROUND(P77*100,1) -> 73.4 | R77: Chibanian | S77: Overlapping
A78: QUATERNARY | B78: Morozovan | D78: Eastern Europe | E78: =$O$121-J78*($O$121-$O$76) -> 0.79214829 | F78: =$O$76-P78*($O$76-$O$26) -> 0.49714809 | H78: =CONCATENATE(K78," percent up in ",L78," international stage") -> 98.1 percent up in Calabrian international stage | I78: =CONCATENATE(Q78," percent up in ",R78," international stage") -> 42.9 percent up in Chibanian international stage | J78: 0.98146341 | K78: =ROUND(J78*100,1) -> 98.1 | L78: Calabrian | P78: 0.42900763 | Q78: =ROUND(P78*100,1) -> 42.9 | R78: Chibanian | S78: Overlapping
A79: QUATERNARY | B79: Cromerian | D79: Netherlands, Great Britain | E79: =$O$121-J79*($O$121-$O$76) -> 0.84253854 | F79: =$O$76-P79*($O$76-$O$26) -> 0.46278931 | H79: =CONCATENATE(K79," percent up in ",L79," international stage") -> 93.3 percent up in Calabrian international stage | I79: =CONCATENATE(Q79," percent up in ",R79," international stage") -> 48.2 percent up in Chibanian international stage | J79: 0.93268293 | K79: =ROUND(J79*100,1) -> 93.3 | L79: Calabrian | P79: 0.48244275 | Q79: =ROUND(P79*100,1) -> 48.2 | R79: Chibanian | S79: Overlapping
A80: QUATERNARY | B80: Mindel | D80: Alps | E80: =$O$121-J80*($O$121-$O$76) -> 0.84253854 | F80: =$O$76-P80*($O$76-$O$26) -> 0.46278931 | H80: =CONCATENATE(K80," percent up in ",L80," international stage") -> 93.3 percent up in Calabrian international stage | I80: =CONCATENATE(Q80," percent up in ",R80," international stage") -> 48.2 percent up in Chibanian international stage | J80: 0.93268293 | K80: =ROUND(J80*100,1) -> 93.3 | L80: Calabrian | P80: 0.48244275 | Q80: =ROUND(P80*100,1) -> 48.2 | R80: Chibanian | S80: Overlapping
A81: QUATERNARY | B81: Neopleistocene | D81: Russian Plain | E81: =$O$121-J81*($O$121-$O$76) -> 0.84253854 | F81: 0.012 | H81: =CONCATENATE(K81," percent up in ",L81," international stage") -> 93.3 percent up in Calabrian international stage | I81: =CONCATENATE(Q81," percent up in ",R81," international stage") -> 99.7 percent up in Pleistocene Upper international stage | J81: 0.93268293 | K81: =ROUND(J81*100,1) -> 93.3 | L81: Calabrian | P81: 0.99687907 | Q81: =ROUND(P81*100,1) -> 99.7 | R81: Pleistocene Upper | S81: Overlapping
A82: QUATERNARY | B82: Petropavlovian | D82: Russian Plain | E82: =$O$121-J82*($O$121-$O$76) -> 0.84253854 | F82: =$O$76-P82*($O$76-$O$26) -> 0.77201832 | H82: =CONCATENATE(K82," percent up in ",L82," international stage") -> 93.3 percent up in Calabrian international stage | I82: =CONCATENATE(Q82," percent up in ",R82," international stage") -> 0.2 percent up in Chibanian international stage | J82: 0.93268293 | K82: =ROUND(J82*100,1) -> 93.3 | L82: Calabrian | P82: 0.0015267176 | Q82: =ROUND(P82*100,1) -> 0.2 | R82: Chibanian | S82: Overlapping
A83: QUATERNARY | B83: Waardenburg | D83: NW Europe | E83: =$O$121-J83*($O$121-$O$76) -> 0.84253854 | F83: =$O$76-P83*($O$76-$O$26) -> 0.77201832 | H83: =CONCATENATE(K83," percent up in ",L83," international stage") -> 93.3 percent up in Calabrian international stage | I83: =CONCATENATE(Q83," percent up in ",R83," international stage") -> 0.2 percent up in Chibanian international stage | J83: 0.93268293 | K83: =ROUND(J83*100,1) -> 93.3 | L83: Calabrian | P83: 0.0015267176 | Q83: =ROUND(P83*100,1) -> 0.2 | R83: Chibanian | S83: Overlapping
A84: QUATERNARY | B84: Dorst | D84: NW Europe | E84: =$O$121-J84*($O$121-$O$76) -> 0.92316293 | F84: =$O$76-P84*($O$76-$O$26) -> 0.17328488 | H84: =CONCATENATE(K84," percent up in ",L84," international stage") -> 85.5 percent up in Calabrian international stage | I84: =CONCATENATE(Q84," percent up in ",R84," international stage") -> 93.3 percent up in Calabrian international stage | J84: 0.85463415 | K84: =ROUND(J84*100,1) -> 85.5 | L84: Calabrian | P84: 0.93268293 | Q84: =ROUND(P84*100,1) -> 93.3 | R84: Calabrian | S84: Include in | T84: 0.07804878
A85: QUATERNARY | B85: Nebraskan | D85: North America | E85: =$O$121-J85*($O$121-$O$76) -> 0.92316293 | F85: =$O$76-P85*($O$76-$O$26) -> 0.59531603 | H85: =CONCATENATE(K85," percent up in ",L85," international stage") -> 85.5 percent up in Calabrian international stage | I85: =CONCATENATE(Q85," percent up in ",R85," international stage") -> 27.6 percent up in Chibanian international stage | J85: 0.85463415 | K85: =ROUND(J85*100,1) -> 85.5 | L85: Calabrian | P85: 0.27633588 | Q85: =ROUND(P85*100,1) -> 27.6 | R85: Chibanian | S85: Overlapping
A86: QUATERNARY | B86: Leerdam | D86: NW Europe | E86: =$O$121-J86*($O$121-$O$76) -> 0.95339707 | F86: =$O$121-P86*($O$121-$O$76) -> 0.92316293 | H86: =CONCATENATE(K86," percent up in ",L86," international stage") -> 82.5 percent up in Calabrian international stage | I86: =CONCATENATE(Q86," percent up in ",R86," international stage") -> 85.5 percent up in Calabrian international stage | J86: 0.82536585 | K86: =ROUND(J86*100,1) -> 82.5 | L86: Calabrian | P86: 0.85463415 | Q86: =ROUND(P86*100,1) -> 85.5 | R86: Calabrian | S86: Include in | T86: 0.029268293
A87: QUATERNARY | B87: Bavel Interglacial | D87: Netherlands | E87: =$O$121-J87*($O$121-$O$76) -> 1.0239434 | F87: =$O$121-P87*($O$121-$O$76) -> 0.95339707 | H87: =CONCATENATE(K87," percent up in ",L87," international stage") -> 75.7 percent up in Calabrian international stage | I87: =CONCATENATE(Q87," percent up in ",R87," international stage") -> 82.5 percent up in Calabrian international stage | J87: 0.75707317 | K87: =ROUND(J87*100,1) -> 75.7 | L87: Calabrian | P87: 0.82536585 | Q87: =ROUND(P87*100,1) -> 82.5 | R87: Calabrian | S87: Include in | T87: 0.068292683
A88: QUATERNARY | B88: Bavelian | D88: Netherlands | E88: =$O$121-J88*($O$121-$O$76) -> 1.0239434 | F88: =$O$121-P88*($O$121-$O$76) -> 0.84253854 | H88: =CONCATENATE(K88," percent up in ",L88," international stage") -> 75.7 percent up in Calabrian international stage | I88: =CONCATENATE(Q88," percent up in ",R88," international stage") -> 93.3 percent up in Calabrian international stage | J88: 0.75707317 | K88: =ROUND(J88*100,1) -> 75.7 | L88: Calabrian | P88: 0.93268293 | Q88: =ROUND(P88*100,1) -> 93.3 | R88: Calabrian | S88: Include in | T88: 0.17560976
A89: QUATERNARY | B89: Linge | D89: NW Europe | E89: =$O$121-J89*($O$121-$O$76) -> 1.0440995 | F89: =$O$121-P89*($O$121-$O$76) -> 0.95339707 | H89: =CONCATENATE(K89," percent up in ",L89," international stage") -> 73.8 percent up in Calabrian international stage | I89: =CONCATENATE(Q89," percent up in ",R89," international stage") -> 82.5 percent up in Calabrian international stage | J89: 0.73756098 | K89: =ROUND(J89*100,1) -> 73.8 | L89: Calabrian | P89: 0.82536585 | Q89: =ROUND(P89*100,1) -> 82.5 | R89: Calabrian | S89: Include in | T89: 0.087804878
A90: QUATERNARY | B90: Khzarian | D90: Georgia | E90: =$O$121-J90*($O$121-$O$76) -> 1.0825694 | F90: =$O$76-P90*($O$76-$O$26) -> 0.72220595 | H90: =CONCATENATE(K90," percent up in ",L90," international stage") -> 70 percent up in Calabrian international stage | I90: =CONCATENATE(Q90," percent up in ",R90," international stage") -> 7.9 percent up in Chibanian international stage | J90: 0.70032 | K90: =ROUND(J90*100,1) -> 70 | L90: Calabrian | P90: 0.07899542 | Q90: =ROUND(P90*100,1) -> 7.9 | R90: Chibanian | S90: Overlapping
A91: QUATERNARY | B91: Uzunlarian | D91: Georgia | E91: =$O$121-J91*($O$121-$O$76) -> 1.0825694 | F91: =$O$76-P91*($O$76-$O$26) -> 0.72220595 | H91: =CONCATENATE(K91," percent up in ",L91," international stage") -> 70 percent up in Calabrian international stage | I91: =CONCATENATE(Q91," percent up in ",R91," international stage") -> 7.9 percent up in Chibanian international stage | J91: 0.70032 | K91: =ROUND(J91*100,1) -> 70 | L91: Calabrian | P91: 0.07899542 | Q91: =ROUND(P91*100,1) -> 7.9 | R91: Chibanian | S91: Overlapping
A92: QUATERNARY | B92: Cassian | D92: Italy | E92: =$O$121-J92*($O$121-$O$76) -> 1.0944898 | F92: =$O$121-P92*($O$121-$O$76) -> 0.79214829 | H92: =CONCATENATE(K92," percent up in ",L92," international stage") -> 68.9 percent up in Calabrian international stage | I92: =CONCATENATE(Q92," percent up in ",R92," international stage") -> 98.1 percent up in Calabrian international stage | J92: 0.68878049 | K92: =ROUND(J92*100,1) -> 68.9 | L92: Calabrian | P92: 0.98146341 | Q92: =ROUND(P92*100,1) -> 98.1 | R92: Calabrian | S92: Include in | T92: 0.29268293
A93: QUATERNARY | B93: Castlecliffian | E93: =$O$121-J93*($O$121-$O$76) -> 1.0944898 | F93: 0.012 | H93: =CONCATENATE(K93," percent up in ",L93," international stage") -> 68.9 percent up in Calabrian international stage | I93: =CONCATENATE(Q93," percent up in ",R93," international stage") -> 100 percent up in Pleistocene Upper international stage | J93: 0.68878049 | K93: =ROUND(J93*100,1) -> 68.9 | L93: Calabrian | P93: 1 | Q93: =ROUND(P93*100,1) -> 100 | R93: Pleistocene Upper | S93: Overlapping
A94: QUATERNARY | B94: Okehuan | D94: New Zealand | E94: =$O$121-J94*($O$121-$O$76) -> 1.0944898 | F94: =$O$76-P94*($O$76-$O$26) -> 0.4775145 | H94: =CONCATENATE(K94," percent up in ",L94," international stage") -> 68.9 percent up in Calabrian international stage | I94: =CONCATENATE(Q94," percent up in ",R94," international stage") -> 46 percent up in Chibanian international stage | J94: 0.68878049 | K94: =ROUND(J94*100,1) -> 68.9 | L94: Calabrian | P94: 0.45954198 | Q94: =ROUND(P94*100,1) -> 46 | R94: Chibanian | S94: Overlapping
A95: QUATERNARY | B95: Bavel | D95: NW Europe | E95: =$O$121-J95*($O$121-$O$76) -> 1.1146459 | F95: =$O$121-P95*($O$121-$O$76) -> 1.0440995 | H95: =CONCATENATE(K95," percent up in ",L95," international stage") -> 66.9 percent up in Calabrian international stage | I95: =CONCATENATE(Q95," percent up in ",R95," international stage") -> 73.8 percent up in Calabrian international stage | J95: 0.66926829 | K95: =ROUND(J95*100,1) -> 66.9 | L95: Calabrian | P95: 0.73756098 | Q95: =ROUND(P95*100,1) -> 73.8 | R95: Calabrian | S95: Include in | T95: 0.068292683
A96: QUATERNARY | B96: Bayelian | D96: NW Europe | E96: =$O$121-J96*($O$121-$O$76) -> 1.1146459 | F96: =$O$121-P96*($O$121-$O$76) -> 0.84253854 | H96: =CONCATENATE(K96," percent up in ",L96," international stage") -> 66.9 percent up in Calabrian international stage | I96: =CONCATENATE(Q96," percent up in ",R96," international stage") -> 93.3 percent up in Calabrian international stage | J96: 0.66926829 | K96: =ROUND(J96*100,1) -> 66.9 | L96: Calabrian | P96: 0.93268293 | Q96: =ROUND(P96*100,1) -> 93.3 | R96: Calabrian | S96: Include in | T96: 0.26341463
A97: QUATERNARY | B97: Sicilian | D97: Europe | E97: =$O$121-J97*($O$121-$O$76) -> 1.1176693 | F97: =$O$121-P97*($O$121-$O$76) -> 0.773 | H97: =CONCATENATE(K97," percent up in ",L97," international stage") -> 66.6 percent up in Calabrian international stage | I97: =CONCATENATE(Q97," percent up in ",R97," international stage") -> 100 percent up in Calabrian international stage | J97: 0.66634146 | K97: =ROUND(J97*100,1) -> 66.6 | L97: Calabrian | P97: 1 | Q97: =ROUND(P97*100,1) -> 100 | R97: Calabrian | S97: Equivalent to the top of
A98: QUATERNARY | B98: Ensenadan | D98: South America | E98: =$O$121-J98*($O$121-$O$76) -> 1.1952702 | F98: =$O$121-P98*($O$121-$O$76) -> 0.79214829 | H98: =CONCATENATE(K98," percent up in ",L98," international stage") -> 59.1 percent up in Calabrian international stage | I98: =CONCATENATE(Q98," percent up in ",R98," international stage") -> 98.1 percent up in Calabrian international stage | J98: 0.59121951 | K98: =ROUND(J98*100,1) -> 59.1 | L98: Calabrian | P98: 0.98146341 | Q98: =ROUND(P98*100,1) -> 98.1 | R98: Calabrian | S98: Include in | T98: 0.3902439
A99: QUATERNARY | B99: Lishihhuangtuan | D99: China | E99: =$O$121-J99*($O$121-$O$76) -> 1.1952702 | F99: 0.012 | H99: =CONCATENATE(K99," percent up in ",L99," international stage") -> 59.1 percent up in Calabrian international stage | I99: =CONCATENATE(Q99," percent up in ",R99," international stage") -> 22.7 percent up in Pleistocene Upper international stage | J99: 0.59121951 | K99: =ROUND(J99*100,1) -> 59.1 | L99: Calabrian | P99: 0.22735838 | Q99: =ROUND(P99*100,1) -> 22.7 | R99: Pleistocene Upper | S99: Overlapping
A100: QUATERNARY | B100: Odessan | D100: Eastern Europe | E100: =$O$121-J100*($O$121-$O$76) -> 1.1952702 | F100: =$O$121-P100*($O$121-$O$76) -> 0.79214829 | H100: =CONCATENATE(K100," percent up in ",L100," international stage") -> 59.1 percent up in Calabrian international stage | I100: =CONCATENATE(Q100," percent up in ",R100," international stage") -> 98.1 percent up in Calabrian international stage | J100: 0.59121951 | K100: =ROUND(J100*100,1) -> 59.1 | L100: Calabrian | P100: 0.98146341 | Q100: =ROUND(P100*100,1) -> 98.1 | R100: Calabrian | S100: Include in | T100: 0.3902439
...
